﻿<?xml version="1.0" encoding="utf-8"?>
<Wepon>
  <normal>
    <Data Name="武器スロット１" Sex="共" Job="共" Rare="1" Rusta="1">
      <Elemental Fire="0" Water="0" Thunder="0" Ice="0" Dragon="0" />
      <Level>
        <L1 Atk="0" Slot="1">
          <Cost Money="0" />
        </L1>
      </Level>
    </Data>
    <Data Name="武器スロット２" Sex="共" Job="共" Rare="1" Rusta="1">
      <Elemental Fire="0" Water="0" Thunder="0" Ice="0" Dragon="0" />
      <Level>
        <L1 Atk="0" Slot="2">
          <Cost Money="0" />
        </L1>
      </Level>
    </Data>
    <Data Name="武器スロット３" Sex="共" Job="共" Rare="1" Rusta="1">
      <Elemental Fire="0" Water="0" Thunder="0" Ice="0" Dragon="0" />
      <Level>
        <L1 Atk="0" Slot="3">
          <Cost Money="0" />
        </L1>
      </Level>
    </Data>
  </normal>
</Wepon>